,label,area,extent,solidity,coords,centroid-0,centroid-1,eccentricity,perimeter,feret_diameter_max,major_axis_length,minor_axis_length,orientation,euler_number
0,1,103,0.9035087719298246,0.9626168224299065,"[[ 11 127]
 [ 11 128]
 [ 11 129]
 [ 11 130]
 [ 11 131]
 [ 11 132]
 [ 11 133]
 [ 11 134]
 [ 11 138]
 [ 11 139]
 [ 11 140]
 [ 11 141]
 [ 11 142]
 [ 11 143]
 [ 12 126]
 [ 12 127]
 [ 12 128]
 [ 12 129]
 [ 12 130]
 [ 12 131]
 [ 12 132]
 [ 12 133]
 [ 12 134]
 [ 12 135]
 [ 12 136]
 [ 12 137]
 [ 12 138]
 [ 12 139]
 [ 12 140]
 [ 12 141]
 [ 12 142]
 [ 12 143]
 [ 12 144]
 [ 13 126]
 [ 13 127]
 [ 13 128]
 [ 13 129]
 [ 13 130]
 [ 13 131]
 [ 13 132]
 [ 13 133]
 [ 13 134]
 [ 13 135]
 [ 13 136]
 [ 13 137]
 [ 13 138]
 [ 13 139]
 [ 13 140]
 [ 13 141]
 [ 13 142]
 [ 13 143]
 [ 13 144]
 [ 14 126]
 [ 14 127]
 [ 14 128]
 [ 14 129]
 [ 14 130]
 [ 14 131]
 [ 14 132]
 [ 14 133]
 [ 14 134]
 [ 14 135]
 [ 14 136]
 [ 14 137]
 [ 14 138]
 [ 14 139]
 [ 14 140]
 [ 14 141]
 [ 14 142]
 [ 14 143]
 [ 14 144]
 [ 15 127]
 [ 15 128]
 [ 15 129]
 [ 15 130]
 [ 15 131]
 [ 15 132]
 [ 15 133]
 [ 15 134]
 [ 15 135]
 [ 15 136]
 [ 15 137]
 [ 15 138]
 [ 15 139]
 [ 15 140]
 [ 15 141]
 [ 15 142]
 [ 15 143]
 [ 15 144]
 [ 16 130]
 [ 16 131]
 [ 16 132]
 [ 16 133]
 [ 16 134]
 [ 16 135]
 [ 16 136]
 [ 16 137]
 [ 16 138]
 [ 16 139]
 [ 16 140]
 [ 16 141]
 [ 16 142]
 [ 16 143]]",13.485436893203884,135.2621359223301,0.9523640753906613,43.89949493661166,19.235384061671343,21.06312988733674,6.423483448349777,1.5422551872227277,1
1,2,170,0.25757575757575757,0.7623318385650224,"[[ 20 173]
 [ 20 174]
 [ 20 175]
 [ 20 176]
 [ 21 172]
 [ 21 173]
 [ 21 174]
 [ 21 175]
 [ 21 176]
 [ 22 171]
 [ 22 172]
 [ 22 173]
 [ 22 174]
 [ 22 175]
 [ 22 176]
 [ 23 170]
 [ 23 171]
 [ 23 172]
 [ 23 173]
 [ 23 174]
 [ 23 175]
 [ 23 176]
 [ 24 169]
 [ 24 170]
 [ 24 171]
 [ 24 172]
 [ 24 173]
 [ 24 174]
 [ 24 175]
 [ 25 168]
 [ 25 169]
 [ 25 170]
 [ 25 171]
 [ 25 172]
 [ 25 173]
 [ 25 174]
 [ 25 175]
 [ 26 167]
 [ 26 168]
 [ 26 169]
 [ 26 170]
 [ 26 171]
 [ 26 172]
 [ 26 173]
 [ 26 174]
 [ 27 166]
 [ 27 167]
 [ 27 168]
 [ 27 169]
 [ 27 170]
 [ 27 171]
 [ 27 172]
 [ 27 173]
 [ 28 165]
 [ 28 166]
 [ 28 167]
 [ 28 168]
 [ 28 169]
 [ 28 170]
 [ 28 171]
 [ 29 164]
 [ 29 165]
 [ 29 166]
 [ 29 167]
 [ 29 168]
 [ 29 169]
 [ 29 170]
 [ 30 163]
 [ 30 164]
 [ 30 165]
 [ 30 166]
 [ 30 167]
 [ 30 168]
 [ 30 169]
 [ 31 163]
 [ 31 164]
 [ 31 165]
 [ 31 166]
 [ 31 167]
 [ 31 168]
 [ 32 162]
 [ 32 163]
 [ 32 164]
 [ 32 165]
 [ 32 166]
 [ 32 167]
 [ 33 161]
 [ 33 162]
 [ 33 163]
 [ 33 164]
 [ 33 165]
 [ 33 166]
 [ 34 160]
 [ 34 161]
 [ 34 162]
 [ 34 163]
 [ 34 164]
 [ 34 165]
 [ 35 160]
 [ 35 161]
 [ 35 162]
 [ 35 163]
 [ 35 164]
 [ 36 159]
 [ 36 160]
 [ 36 161]
 [ 36 162]
 [ 36 163]
 [ 36 164]
 [ 37 159]
 [ 37 160]
 [ 37 161]
 [ 37 162]
 [ 37 163]
 [ 38 158]
 [ 38 159]
 [ 38 160]
 [ 38 161]
 [ 38 162]
 [ 38 163]
 [ 39 158]
 [ 39 159]
 [ 39 160]
 [ 39 161]
 [ 39 162]
 [ 40 157]
 [ 40 158]
 [ 40 159]
 [ 40 160]
 [ 40 161]
 [ 40 162]
 [ 41 157]
 [ 41 158]
 [ 41 159]
 [ 41 160]
 [ 41 161]
 [ 42 157]
 [ 42 158]
 [ 42 159]
 [ 42 160]
 [ 42 161]
 [ 43 156]
 [ 43 157]
 [ 43 158]
 [ 43 159]
 [ 43 160]
 [ 43 161]
 [ 44 156]
 [ 44 157]
 [ 44 158]
 [ 44 159]
 [ 44 160]
 [ 45 156]
 [ 45 157]
 [ 45 158]
 [ 45 159]
 [ 45 160]
 [ 46 156]
 [ 46 157]
 [ 46 158]
 [ 46 159]
 [ 47 155]
 [ 47 156]
 [ 47 157]
 [ 47 158]
 [ 47 159]
 [ 48 156]
 [ 48 157]
 [ 48 158]
 [ 49 157]]",33.10588235294118,164.86470588235295,0.9851509021625106,77.74011537017762,35.510561809129406,39.3279530418473,6.75224418839957,-0.6245676141811485,1
2,3,89,0.49444444444444446,0.9081632653061225,"[[ 27 185]
 [ 27 186]
 [ 28 184]
 [ 28 185]
 [ 28 186]
 [ 28 187]
 [ 28 188]
 [ 29 184]
 [ 29 185]
 [ 29 186]
 [ 29 187]
 [ 29 188]
 [ 29 189]
 [ 30 184]
 [ 30 185]
 [ 30 186]
 [ 30 187]
 [ 30 188]
 [ 30 189]
 [ 30 190]
 [ 31 184]
 [ 31 185]
 [ 31 186]
 [ 31 187]
 [ 31 188]
 [ 31 189]
 [ 31 190]
 [ 31 191]
 [ 31 192]
 [ 32 185]
 [ 32 186]
 [ 32 187]
 [ 32 188]
 [ 32 189]
 [ 32 190]
 [ 32 191]
 [ 32 192]
 [ 32 193]
 [ 33 186]
 [ 33 187]
 [ 33 188]
 [ 33 189]
 [ 33 190]
 [ 33 191]
 [ 33 192]
 [ 33 193]
 [ 33 194]
 [ 33 195]
 [ 34 187]
 [ 34 188]
 [ 34 189]
 [ 34 190]
 [ 34 191]
 [ 34 192]
 [ 34 193]
 [ 34 194]
 [ 34 195]
 [ 34 196]
 [ 34 197]
 [ 35 189]
 [ 35 190]
 [ 35 191]
 [ 35 192]
 [ 35 193]
 [ 35 194]
 [ 35 195]
 [ 35 196]
 [ 35 197]
 [ 35 198]
 [ 36 190]
 [ 36 191]
 [ 36 192]
 [ 36 193]
 [ 36 194]
 [ 36 195]
 [ 36 196]
 [ 36 197]
 [ 36 198]
 [ 37 192]
 [ 37 193]
 [ 37 194]
 [ 37 195]
 [ 37 196]
 [ 37 197]
 [ 37 198]
 [ 38 194]
 [ 38 195]
 [ 38 196]
 [ 38 197]]",32.96629213483146,190.64044943820224,0.9430305558072067,40.04163056034261,17.4928556845359,18.712664626905376,6.225818282716555,0.9851014644183855,1
3,4,128,0.3062200956937799,0.8421052631578947,"[[38 20]
 [38 21]
 [38 22]
 [38 23]
 [39 19]
 [39 20]
 [39 21]
 [39 22]
 [39 23]
 [40 18]
 [40 19]
 [40 20]
 [40 21]
 [40 22]
 [40 23]
 [41 17]
 [41 18]
 [41 19]
 [41 20]
 [41 21]
 [41 22]
 [41 23]
 [42 16]
 [42 17]
 [42 18]
 [42 19]
 [42 20]
 [42 21]
 [42 22]
 [43 15]
 [43 16]
 [43 17]
 [43 18]
 [43 19]
 [43 20]
 [43 21]
 [44 14]
 [44 15]
 [44 16]
 [44 17]
 [44 18]
 [44 19]
 [44 20]
 [45 14]
 [45 15]
 [45 16]
 [45 17]
 [45 18]
 [45 19]
 [46 14]
 [46 15]
 [46 16]
 [46 17]
 [46 18]
 [47 12]
 [47 13]
 [47 14]
 [47 15]
 [47 16]
 [47 17]
 [48 10]
 [48 11]
 [48 12]
 [48 13]
 [48 14]
 [48 15]
 [48 16]
 [49  9]
 [49 10]
 [49 11]
 [49 12]
 [49 13]
 [49 14]
 [50  9]
 [50 10]
 [50 11]
 [50 12]
 [50 13]
 [50 14]
 [51  8]
 [51  9]
 [51 10]
 [51 11]
 [51 12]
 [51 13]
 [51 14]
 [52  7]
 [52  8]
 [52  9]
 [52 10]
 [52 11]
 [52 12]
 [52 13]
 [53  7]
 [53  8]
 [53  9]
 [53 10]
 [53 11]
 [53 12]
 [54  6]
 [54  7]
 [54  8]
 [54  9]
 [54 10]
 [54 11]
 [55  6]
 [55  7]
 [55  8]
 [55  9]
 [55 10]
 [55 11]
 [56  5]
 [56  6]
 [56  7]
 [56  8]
 [56  9]
 [56 10]
 [57  5]
 [57  6]
 [57  7]
 [57  8]
 [57  9]
 [57 10]
 [58  6]
 [58  7]
 [58  8]
 [58  9]
 [59  7]]",48.0546875,13.75,0.9813821498721486,61.01219330881976,27.202941017470888,30.369461615782985,5.832919475269989,-0.7032263275315928,1
4,5,107,0.46320346320346323,0.8629032258064516,"[[ 41 213]
 [ 41 214]
 [ 42 210]
 [ 42 211]
 [ 42 212]
 [ 42 213]
 [ 42 214]
 [ 42 215]
 [ 42 216]
 [ 43 208]
 [ 43 209]
 [ 43 210]
 [ 43 211]
 [ 43 212]
 [ 43 213]
 [ 43 214]
 [ 43 215]
 [ 43 216]
 [ 44 206]
 [ 44 207]
 [ 44 208]
 [ 44 209]
 [ 44 210]
 [ 44 211]
 [ 44 212]
 [ 44 213]
 [ 44 214]
 [ 44 215]
 [ 44 216]
 [ 45 202]
 [ 45 203]
 [ 45 204]
 [ 45 205]
 [ 45 206]
 [ 45 207]
 [ 45 208]
 [ 45 209]
 [ 45 210]
 [ 45 211]
 [ 45 212]
 [ 45 213]
 [ 45 214]
 [ 45 215]
 [ 46 200]
 [ 46 201]
 [ 46 202]
 [ 46 203]
 [ 46 204]
 [ 46 205]
 [ 46 206]
 [ 46 207]
 [ 46 208]
 [ 46 209]
 [ 46 210]
 [ 46 211]
 [ 46 212]
 [ 46 213]
 [ 47 198]
 [ 47 199]
 [ 47 200]
 [ 47 201]
 [ 47 202]
 [ 47 203]
 [ 47 204]
 [ 47 205]
 [ 47 206]
 [ 47 207]
 [ 47 208]
 [ 47 209]
 [ 47 210]
 [ 47 211]
 [ 48 197]
 [ 48 198]
 [ 48 199]
 [ 48 200]
 [ 48 201]
 [ 48 202]
 [ 48 203]
 [ 48 204]
 [ 48 205]
 [ 48 206]
 [ 48 207]
 [ 48 208]
 [ 49 196]
 [ 49 197]
 [ 49 198]
 [ 49 199]
 [ 49 200]
 [ 49 201]
 [ 49 202]
 [ 49 203]
 [ 49 204]
 [ 49 205]
 [ 49 206]
 [ 49 207]
 [ 50 196]
 [ 50 197]
 [ 50 198]
 [ 50 199]
 [ 50 200]
 [ 50 201]
 [ 50 202]
 [ 50 203]
 [ 51 197]
 [ 51 198]
 [ 51 199]
 [ 51 200]]",46.23364485981308,206.14953271028037,0.969907289840739,50.04163056034261,22.47220505424423,23.86557720267702,5.8106603080235555,-1.2012903385904146,1
5,6,198,0.36666666666666664,0.678082191780822,"[[ 49 161]
 [ 49 162]
 [ 49 163]
 [ 49 164]
 [ 50 161]
 [ 50 162]
 [ 50 163]
 [ 50 164]
 [ 50 165]
 [ 50 166]
 [ 51 161]
 [ 51 162]
 [ 51 163]
 [ 51 164]
 [ 51 165]
 [ 51 166]
 [ 51 167]
 [ 52 162]
 [ 52 163]
 [ 52 164]
 [ 52 165]
 [ 52 166]
 [ 52 167]
 [ 52 168]
 [ 53 164]
 [ 53 165]
 [ 53 166]
 [ 53 167]
 [ 53 168]
 [ 53 169]
 [ 54 165]
 [ 54 166]
 [ 54 167]
 [ 54 168]
 [ 54 169]
 [ 55 158]
 [ 55 165]
 [ 55 166]
 [ 55 167]
 [ 55 168]
 [ 55 169]
 [ 55 170]
 [ 56 157]
 [ 56 158]
 [ 56 159]
 [ 56 160]
 [ 56 167]
 [ 56 168]
 [ 56 169]
 [ 56 170]
 [ 57 156]
 [ 57 157]
 [ 57 158]
 [ 57 159]
 [ 57 160]
 [ 57 161]
 [ 57 162]
 [ 57 168]
 [ 57 169]
 [ 57 170]
 [ 57 171]
 [ 57 172]
 [ 57 173]
 [ 58 156]
 [ 58 157]
 [ 58 158]
 [ 58 159]
 [ 58 160]
 [ 58 161]
 [ 58 162]
 [ 58 163]
 [ 58 170]
 [ 58 171]
 [ 58 172]
 [ 58 173]
 [ 58 174]
 [ 59 157]
 [ 59 158]
 [ 59 159]
 [ 59 160]
 [ 59 161]
 [ 59 162]
 [ 59 163]
 [ 59 164]
 [ 59 171]
 [ 59 172]
 [ 59 173]
 [ 59 174]
 [ 59 175]
 [ 59 176]
 [ 60 158]
 [ 60 159]
 [ 60 160]
 [ 60 161]
 [ 60 162]
 [ 60 163]
 [ 60 164]
 [ 60 165]
 [ 60 171]
 [ 60 172]
 [ 60 173]
 [ 60 174]
 [ 60 175]
 [ 60 176]
 [ 60 177]
 [ 61 160]
 [ 61 161]
 [ 61 162]
 [ 61 163]
 [ 61 164]
 [ 61 165]
 [ 61 166]
 [ 61 167]
 [ 61 168]
 [ 61 172]
 [ 61 173]
 [ 61 174]
 [ 61 175]
 [ 61 176]
 [ 61 177]
 [ 61 178]
 [ 62 161]
 [ 62 162]
 [ 62 163]
 [ 62 164]
 [ 62 165]
 [ 62 166]
 [ 62 167]
 [ 62 168]
 [ 62 169]
 [ 62 173]
 [ 62 174]
 [ 62 175]
 [ 62 176]
 [ 62 177]
 [ 62 178]
 [ 62 179]
 [ 63 163]
 [ 63 164]
 [ 63 165]
 [ 63 166]
 [ 63 167]
 [ 63 168]
 [ 63 169]
 [ 63 170]
 [ 63 171]
 [ 63 173]
 [ 63 174]
 [ 63 175]
 [ 63 176]
 [ 63 177]
 [ 63 178]
 [ 63 179]
 [ 63 180]
 [ 64 165]
 [ 64 166]
 [ 64 167]
 [ 64 168]
 [ 64 169]
 [ 64 170]
 [ 64 171]
 [ 64 172]
 [ 64 175]
 [ 64 176]
 [ 64 177]
 [ 64 178]
 [ 64 179]
 [ 64 180]
 [ 64 181]
 [ 65 166]
 [ 65 167]
 [ 65 168]
 [ 65 169]
 [ 65 170]
 [ 65 171]
 [ 65 172]
 [ 65 176]
 [ 65 177]
 [ 65 178]
 [ 65 179]
 [ 65 180]
 [ 65 181]
 [ 65 182]
 [ 66 168]
 [ 66 169]
 [ 66 170]
 [ 66 171]
 [ 66 172]
 [ 66 177]
 [ 66 178]
 [ 66 179]
 [ 66 180]
 [ 66 181]
 [ 66 182]
 [ 67 179]
 [ 67 180]
 [ 67 181]
 [ 68 180]]",59.40909090909091,168.46464646464648,0.8682532899052249,103.88225099390857,28.460498941515414,29.149555143606307,14.461711674466606,1.069334531040404,1
6,7,110,0.3395061728395062,0.88,"[[76 76]
 [76 77]
 [76 78]
 [76 79]
 [77 75]
 [77 76]
 [77 77]
 [77 78]
 [77 79]
 [77 80]
 [78 74]
 [78 75]
 [78 76]
 [78 77]
 [78 78]
 [78 79]
 [79 73]
 [79 74]
 [79 75]
 [79 76]
 [79 77]
 [79 78]
 [79 79]
 [80 72]
 [80 73]
 [80 74]
 [80 75]
 [80 76]
 [80 77]
 [80 78]
 [81 71]
 [81 72]
 [81 73]
 [81 74]
 [81 75]
 [81 76]
 [81 77]
 [81 78]
 [82 70]
 [82 71]
 [82 72]
 [82 73]
 [82 74]
 [82 75]
 [82 76]
 [83 70]
 [83 71]
 [83 72]
 [83 73]
 [83 74]
 [83 75]
 [84 68]
 [84 69]
 [84 70]
 [84 71]
 [84 72]
 [84 73]
 [84 74]
 [85 67]
 [85 68]
 [85 69]
 [85 70]
 [85 71]
 [85 72]
 [86 66]
 [86 67]
 [86 68]
 [86 69]
 [86 70]
 [86 71]
 [87 65]
 [87 66]
 [87 67]
 [87 68]
 [87 69]
 [87 70]
 [87 71]
 [88 64]
 [88 65]
 [88 66]
 [88 67]
 [88 68]
 [88 69]
 [88 70]
 [89 63]
 [89 64]
 [89 65]
 [89 66]
 [89 67]
 [89 68]
 [89 69]
 [90 63]
 [90 64]
 [90 65]
 [90 66]
 [90 67]
 [90 68]
 [91 63]
 [91 64]
 [91 65]
 [91 66]
 [91 67]
 [92 63]
 [92 64]
 [92 65]
 [92 66]
 [92 67]
 [93 64]
 [93 65]
 [93 66]]",84.2090909090909,70.93636363636364,0.976848554620269,52.76955262170047,23.430749027719962,26.394332494802917,5.64659238321844,-0.7736215442248575,1
7,8,106,0.4015151515151515,0.8412698412698413,"[[ 90  50]
 [ 90  51]
 [ 91  49]
 [ 91  50]
 [ 91  51]
 [ 91  52]
 [ 92  48]
 [ 92  49]
 [ 92  50]
 [ 92  51]
 [ 92  52]
 [ 93  47]
 [ 93  48]
 [ 93  49]
 [ 93  50]
 [ 93  51]
 [ 93  52]
 [ 94  47]
 [ 94  48]
 [ 94  49]
 [ 94  50]
 [ 94  51]
 [ 95  46]
 [ 95  47]
 [ 95  48]
 [ 95  49]
 [ 95  50]
 [ 95  51]
 [ 96  45]
 [ 96  46]
 [ 96  47]
 [ 96  48]
 [ 96  49]
 [ 96  50]
 [ 97  45]
 [ 97  46]
 [ 97  47]
 [ 97  48]
 [ 97  49]
 [ 98  45]
 [ 98  46]
 [ 98  47]
 [ 98  48]
 [ 98  49]
 [ 99  45]
 [ 99  46]
 [ 99  47]
 [ 99  48]
 [100  44]
 [100  45]
 [100  46]
 [100  47]
 [101  43]
 [101  44]
 [101  45]
 [101  46]
 [101  47]
 [102  43]
 [102  44]
 [102  45]
 [102  46]
 [102  47]
 [103  42]
 [103  43]
 [103  44]
 [103  45]
 [103  46]
 [103  47]
 [104  42]
 [104  43]
 [104  44]
 [104  45]
 [104  46]
 [105  42]
 [105  43]
 [105  44]
 [105  45]
 [105  46]
 [106  41]
 [106  42]
 [106  43]
 [106  44]
 [106  45]
 [106  46]
 [107  41]
 [107  42]
 [107  43]
 [107  44]
 [107  45]
 [107  46]
 [108  41]
 [108  42]
 [108  43]
 [108  44]
 [108  45]
 [109  41]
 [109  42]
 [109  43]
 [109  44]
 [109  45]
 [110  41]
 [110  42]
 [110  43]
 [110  44]
 [111  42]
 [111  43]]",100.49056603773585,45.971698113207545,0.9766889935541236,52.2842712474619,23.769728648009426,25.98485189566117,5.57788980341342,-0.4185181647385493,1
8,9,48,0.6233766233766234,0.9795918367346939,"[[112 216]
 [113 215]
 [113 216]
 [114 214]
 [114 215]
 [114 216]
 [115 213]
 [115 214]
 [115 215]
 [115 216]
 [116 212]
 [116 213]
 [116 214]
 [116 215]
 [116 216]
 [117 211]
 [117 212]
 [117 213]
 [117 214]
 [117 215]
 [117 216]
 [118 211]
 [118 212]
 [118 213]
 [118 214]
 [118 215]
 [118 216]
 [119 210]
 [119 211]
 [119 212]
 [119 213]
 [119 214]
 [119 215]
 [119 216]
 [120 210]
 [120 211]
 [120 212]
 [120 213]
 [120 214]
 [120 215]
 [121 210]
 [121 211]
 [121 212]
 [121 213]
 [121 214]
 [122 211]
 [122 212]
 [122 213]]",117.79166666666667,213.41666666666666,0.8754212883473477,26.14213562373095,12.083045973594572,11.383547403242265,5.502359460199542,-0.509359941367964,1
9,10,146,0.3146551724137931,0.7724867724867724,"[[117 157]
 [117 158]
 [118 156]
 [118 157]
 [118 158]
 [118 159]
 [119 156]
 [119 157]
 [119 158]
 [119 159]
 [119 160]
 [120 156]
 [120 157]
 [120 158]
 [120 159]
 [120 160]
 [120 161]
 [121 156]
 [121 157]
 [121 158]
 [121 159]
 [121 160]
 [121 161]
 [122 157]
 [122 158]
 [122 159]
 [122 160]
 [122 161]
 [122 162]
 [123 157]
 [123 158]
 [123 159]
 [123 160]
 [123 161]
 [123 162]
 [123 163]
 [124 158]
 [124 159]
 [124 160]
 [124 161]
 [124 162]
 [124 163]
 [125 159]
 [125 160]
 [125 161]
 [125 162]
 [125 163]
 [125 164]
 [126 160]
 [126 161]
 [126 162]
 [126 163]
 [126 164]
 [127 160]
 [127 161]
 [127 162]
 [127 163]
 [127 164]
 [127 165]
 [128 161]
 [128 162]
 [128 163]
 [128 164]
 [128 165]
 [129 161]
 [129 162]
 [129 163]
 [129 164]
 [129 165]
 [130 162]
 [130 163]
 [130 164]
 [130 165]
 [131 163]
 [131 164]
 [131 165]
 [132 164]
 [132 165]
 [132 166]
 [133 164]
 [133 165]
 [133 166]
 [133 167]
 [134 163]
 [134 164]
 [134 165]
 [134 166]
 [134 167]
 [134 168]
 [135 164]
 [135 165]
 [135 166]
 [135 167]
 [135 168]
 [135 169]
 [136 164]
 [136 165]
 [136 166]
 [136 167]
 [136 168]
 [136 169]
 [137 165]
 [137 166]
 [137 167]
 [137 168]
 [137 169]
 [138 165]
 [138 166]
 [138 167]
 [138 168]
 [138 169]
 [138 170]
 [139 166]
 [139 167]
 [139 168]
 [139 169]
 [139 170]
 [140 166]
 [140 167]
 [140 168]
 [140 169]
 [140 170]
 [140 171]
 [141 167]
 [141 168]
 [141 169]
 [141 170]
 [141 171]
 [142 167]
 [142 168]
 [142 169]
 [142 170]
 [142 171]
 [143 167]
 [143 168]
 [143 169]
 [143 170]
 [143 171]
 [144 168]
 [144 169]
 [144 170]
 [144 171]
 [145 168]
 [145 169]
 [145 170]
 [145 171]]",130.93150684931507,163.95205479452054,0.9876198732587204,71.59797974644667,32.202484376209235,36.26194948514334,5.6882720522297285,0.4557737289461956,1
10,11,63,0.8076923076923077,0.9264705882352942,"[[120  29]
 [120  30]
 [120  31]
 [121  21]
 [121  22]
 [121  23]
 [121  24]
 [121  25]
 [121  26]
 [121  27]
 [121  28]
 [121  29]
 [121  30]
 [121  31]
 [121  32]
 [122  20]
 [122  21]
 [122  22]
 [122  23]
 [122  24]
 [122  25]
 [122  26]
 [122  27]
 [122  28]
 [122  29]
 [122  30]
 [122  31]
 [122  32]
 [123  20]
 [123  21]
 [123  22]
 [123  23]
 [123  24]
 [123  25]
 [123  26]
 [123  27]
 [123  28]
 [123  29]
 [123  30]
 [123  31]
 [123  32]
 [124  20]
 [124  21]
 [124  22]
 [124  23]
 [124  24]
 [124  25]
 [124  26]
 [124  27]
 [124  28]
 [124  29]
 [124  30]
 [124  31]
 [125  20]
 [125  21]
 [125  22]
 [125  23]
 [125  24]
 [125  25]
 [125  26]
 [125  27]
 [125  28]
 [125  29]]",122.77777777777777,25.952380952380953,0.9198285392890643,31.071067811865476,13.601470508735444,14.44271057432798,5.666172972481146,-1.4477197639106227,1
11,12,115,0.3993055555555556,0.8273381294964028,"[[131  62]
 [131  63]
 [131  64]
 [132  62]
 [132  63]
 [132  64]
 [132  65]
 [133  62]
 [133  63]
 [133  64]
 [133  65]
 [133  66]
 [134  62]
 [134  63]
 [134  64]
 [134  65]
 [134  66]
 [135  62]
 [135  63]
 [135  64]
 [135  65]
 [135  66]
 [135  67]
 [136  63]
 [136  64]
 [136  65]
 [136  66]
 [136  67]
 [137  63]
 [137  64]
 [137  65]
 [137  66]
 [137  67]
 [137  68]
 [138  64]
 [138  65]
 [138  66]
 [138  67]
 [138  68]
 [139  64]
 [139  65]
 [139  66]
 [139  67]
 [139  68]
 [140  65]
 [140  66]
 [140  67]
 [140  68]
 [140  69]
 [141  65]
 [141  66]
 [141  67]
 [141  68]
 [141  69]
 [142  66]
 [142  67]
 [142  68]
 [142  69]
 [143  67]
 [143  68]
 [143  69]
 [143  70]
 [144  67]
 [144  68]
 [144  69]
 [144  70]
 [144  71]
 [145  67]
 [145  68]
 [145  69]
 [145  70]
 [145  71]
 [146  67]
 [146  68]
 [146  69]
 [146  70]
 [146  71]
 [147  68]
 [147  69]
 [147  70]
 [147  71]
 [147  72]
 [148  68]
 [148  69]
 [148  70]
 [148  71]
 [148  72]
 [149  68]
 [149  69]
 [149  70]
 [149  71]
 [149  72]
 [150  68]
 [150  69]
 [150  70]
 [150  71]
 [150  72]
 [151  69]
 [151  70]
 [151  71]
 [151  72]
 [151  73]
 [152  69]
 [152  70]
 [152  71]
 [152  72]
 [152  73]
 [153  69]
 [153  70]
 [153  71]
 [153  72]
 [153  73]
 [154  70]
 [154  71]
 [154  72]]",142.47826086956522,67.6086956521739,0.9822433543561749,57.45584412271571,26.0,28.829502923791022,5.408739979094389,0.37599469014362213,1
12,13,66,0.7252747252747253,0.9295774647887324,"[[147 123]
 [147 124]
 [147 125]
 [148 122]
 [148 123]
 [148 124]
 [148 125]
 [148 126]
 [149 122]
 [149 123]
 [149 124]
 [149 125]
 [149 126]
 [150 122]
 [150 123]
 [150 124]
 [150 125]
 [150 126]
 [150 127]
 [151 122]
 [151 123]
 [151 124]
 [151 125]
 [151 126]
 [151 127]
 [152 123]
 [152 124]
 [152 125]
 [152 126]
 [152 127]
 [152 128]
 [153 123]
 [153 124]
 [153 125]
 [153 126]
 [153 127]
 [153 128]
 [154 123]
 [154 124]
 [154 125]
 [154 126]
 [154 127]
 [154 128]
 [155 124]
 [155 125]
 [155 126]
 [155 127]
 [155 128]
 [156 124]
 [156 125]
 [156 126]
 [156 127]
 [156 128]
 [157 124]
 [157 125]
 [157 126]
 [157 127]
 [157 128]
 [158 125]
 [158 126]
 [158 127]
 [158 128]
 [159 125]
 [159 126]
 [159 127]
 [159 128]]",152.93939393939394,125.25757575757575,0.9117548126333003,31.899494936611667,13.92838827718412,14.332982779521057,5.887056310798079,0.2849276062852371,1
13,14,100,0.6493506493506493,0.8695652173913043,"[[148  26]
 [148  27]
 [148  28]
 [148  29]
 [148  30]
 [148  31]
 [148  32]
 [148  33]
 [148  34]
 [149  25]
 [149  26]
 [149  27]
 [149  28]
 [149  29]
 [149  30]
 [149  31]
 [149  32]
 [149  33]
 [149  34]
 [149  35]
 [149  36]
 [149  37]
 [149  38]
 [149  39]
 [149  40]
 [149  41]
 [150  25]
 [150  26]
 [150  27]
 [150  28]
 [150  29]
 [150  30]
 [150  31]
 [150  32]
 [150  33]
 [150  34]
 [150  35]
 [150  36]
 [150  37]
 [150  38]
 [150  39]
 [150  40]
 [150  41]
 [150  42]
 [150  43]
 [150  44]
 [151  25]
 [151  26]
 [151  27]
 [151  28]
 [151  29]
 [151  30]
 [151  31]
 [151  32]
 [151  33]
 [151  34]
 [151  35]
 [151  36]
 [151  37]
 [151  38]
 [151  39]
 [151  40]
 [151  41]
 [151  42]
 [151  43]
 [151  44]
 [151  45]
 [152  27]
 [152  28]
 [152  29]
 [152  30]
 [152  31]
 [152  32]
 [152  33]
 [152  34]
 [152  35]
 [152  36]
 [152  37]
 [152  38]
 [152  39]
 [152  40]
 [152  41]
 [152  42]
 [152  43]
 [152  44]
 [152  45]
 [152  46]
 [153  38]
 [153  39]
 [153  40]
 [153  41]
 [153  42]
 [153  43]
 [153  44]
 [153  45]
 [153  46]
 [154  42]
 [154  43]
 [154  44]
 [154  45]]",150.69,35.38,0.9750859446892282,48.72792206135786,22.360679774997898,24.521100295774385,5.439452204457103,1.4339803753325435,1
14,15,73,0.5367647058823529,0.8902439024390244,"[[161  87]
 [161  88]
 [162  86]
 [162  87]
 [162  88]
 [162  89]
 [163  86]
 [163  87]
 [163  88]
 [163  89]
 [163  90]
 [164  86]
 [164  87]
 [164  88]
 [164  89]
 [164  90]
 [165  86]
 [165  87]
 [165  88]
 [165  89]
 [165  90]
 [166  87]
 [166  88]
 [166  89]
 [166  90]
 [166  91]
 [167  87]
 [167  88]
 [167  89]
 [167  90]
 [167  91]
 [168  88]
 [168  89]
 [168  90]
 [168  91]
 [169  88]
 [169  89]
 [169  90]
 [169  91]
 [170  88]
 [170  89]
 [170  90]
 [170  91]
 [170  92]
 [171  88]
 [171  89]
 [171  90]
 [171  91]
 [171  92]
 [172  88]
 [172  89]
 [172  90]
 [172  91]
 [172  92]
 [173  89]
 [173  90]
 [173  91]
 [173  92]
 [173  93]
 [174  89]
 [174  90]
 [174  91]
 [174  92]
 [174  93]
 [175  89]
 [175  90]
 [175  91]
 [175  92]
 [175  93]
 [176  90]
 [176  91]
 [176  92]
 [177  91]]",168.8082191780822,89.45205479452055,0.9596929631955767,38.384776310850235,17.46424919657298,18.44798213293619,5.184815680338139,0.28289809846859476,1
15,16,97,0.5773809523809523,0.8290598290598291,"[[172  68]
 [172  69]
 [172  70]
 [172  71]
 [172  72]
 [173  66]
 [173  67]
 [173  68]
 [173  69]
 [173  70]
 [173  71]
 [173  72]
 [174  63]
 [174  64]
 [174  65]
 [174  66]
 [174  67]
 [174  68]
 [174  69]
 [174  70]
 [174  71]
 [174  72]
 [175  53]
 [175  54]
 [175  55]
 [175  56]
 [175  57]
 [175  58]
 [175  59]
 [175  60]
 [175  61]
 [175  62]
 [175  63]
 [175  64]
 [175  65]
 [175  66]
 [175  67]
 [175  68]
 [175  69]
 [175  70]
 [175  71]
 [176  52]
 [176  53]
 [176  54]
 [176  55]
 [176  56]
 [176  57]
 [176  58]
 [176  59]
 [176  60]
 [176  61]
 [176  62]
 [176  63]
 [176  64]
 [176  65]
 [176  66]
 [176  67]
 [176  68]
 [176  69]
 [176  70]
 [177  52]
 [177  53]
 [177  54]
 [177  55]
 [177  56]
 [177  57]
 [177  58]
 [177  59]
 [177  60]
 [177  61]
 [177  62]
 [177  63]
 [177  64]
 [177  65]
 [177  66]
 [177  67]
 [177  68]
 [178  52]
 [178  53]
 [178  54]
 [178  55]
 [178  56]
 [178  57]
 [178  58]
 [178  59]
 [178  60]
 [178  61]
 [178  62]
 [178  63]
 [178  64]
 [178  65]
 [179  54]
 [179  55]
 [179  56]
 [179  57]
 [179  58]
 [179  59]]",175.82474226804123,62.09278350515464,0.9717402377102022,48.14213562373095,21.840329667841555,23.861613354335535,5.632599938575524,-1.366870300228429,1
16,17,70,0.5,0.9333333333333333,"[[201 176]
 [201 177]
 [201 178]
 [201 179]
 [202 175]
 [202 176]
 [202 177]
 [202 178]
 [202 179]
 [202 180]
 [203 175]
 [203 176]
 [203 177]
 [203 178]
 [203 179]
 [203 180]
 [203 181]
 [204 176]
 [204 177]
 [204 178]
 [204 179]
 [204 180]
 [204 181]
 [204 182]
 [204 183]
 [205 177]
 [205 178]
 [205 179]
 [205 180]
 [205 181]
 [205 182]
 [205 183]
 [205 184]
 [206 178]
 [206 179]
 [206 180]
 [206 181]
 [206 182]
 [206 183]
 [206 184]
 [206 185]
 [206 186]
 [207 179]
 [207 180]
 [207 181]
 [207 182]
 [207 183]
 [207 184]
 [207 185]
 [207 186]
 [207 187]
 [208 181]
 [208 182]
 [208 183]
 [208 184]
 [208 185]
 [208 186]
 [208 187]
 [208 188]
 [209 182]
 [209 183]
 [209 184]
 [209 185]
 [209 186]
 [209 187]
 [209 188]
 [210 184]
 [210 185]
 [210 186]
 [210 187]]",205.61428571428573,181.4142857142857,0.9427813657317676,34.62741699796952,15.652475842498529,16.45050536075026,5.484789348029099,0.9815855370670977,1
17,18,14,0.7777777777777778,0.9333333333333333,"[[214 199]
 [214 200]
 [214 201]
 [214 202]
 [214 203]
 [215 196]
 [215 197]
 [215 198]
 [215 199]
 [215 200]
 [215 201]
 [215 202]
 [215 203]
 [215 204]]",214.64285714285714,200.35714285714286,0.9788735152134367,13.207106781186548,9.0,9.156516528457356,1.8722029376105183,-1.5250064017235538,1
